District,Total Homicides,Closed Cases,Open Cases,Closure Rate (%),Priority Level
Southwestern,181,49,132,27.071823204419886,HIGH
Central,198,54,144,27.27272727272727,HIGH
Western,187,52,135,27.807486631016044,HIGH
Eastern,175,49,126,28.000000000000004,HIGH
Northern,193,57,136,29.533678756476682,HIGH
Northwestern,172,52,120,30.23255813953488,HIGH
Southeastern,197,61,136,30.96446700507614,HIGH
Southern,169,53,116,31.360946745562128,HIGH
Northeastern,190,68,122,35.78947368421053,STANDARD
